year,price,mileage,make,model
2014,33.888,17.714,Chevrolet ,Silverado
2014,13.995,35.535,VW,Jetta
2013,9.995,55.8,VW,Jetta
2004,6.666,135.9,Nissan,Altima
2016,12.95,35.517,Kia,Soul
2016,29.877,15.253,NIssan,Frontier
2014,28.9,27.892,Chevrolet ,Silverado
2017,34.9,7.856,Mercedes,Cclass
2014,26.95,24.629,BMW,371
2016,17.15,25.284,Ford,Escape
2017,25.888,0.006,Ford,Escape
2006,11.99,118.712,Nissan,Altima
2014,13.56,21.303,Kia,Soul
2011,13.995,87.011,Subaru,Outback
2015,18.9,36.165,Ford,Escape
2005,7.299,210.56,Mercedes,Eclass
2016,46.995,16.017,Honda,Accord
2016,13.9,32.13,Kia,Soul
2010,5.3,180,Chevrolet ,Equinox
2014,31.998,32.07,Mercedes,Eclass
2015,19.8,27.058,Subaru,Outback
2016,32.988,7.099,Mercedes,Cclass
2016,37.773,25.516,Honda,Accord
2014,25.425,24.384,Chevrolet ,Silverado
2010,20.987,51.556,Nissan,Altima
2014,21.9,37.914,Nissan,Rogue
2011,6.995,59,Kia,Soul
2014,29.995,29.956,Mercedes,Eclass
2017,30.028,2.012,Ford,Escape
2016,50.994,14.794,BMW,X16
2016,57.871,23.939,GMC,Yukon
2011,19.999,71.289,Jeep,Cherokee
2012,8.995,90.211,VW,Jetta
2005,11.99,125.244,Nissan,Altima
2015,25.975,27.82,Mercedes,Cclass
2014,18.988,44.158,Subaru,Outback
2017,53.084,5.413,BMW,X44
2015,33.987,33.116,Jeep,Cherokee
2014,15.983,71.474,Nissan,Rogue
2016,16.199,31.127,Nissan,Rogue
2014,33.585,20.697,Chevrolet ,Silverado
2008,7.91,107.106,Ford,Escape
2015,19.999,36.512,Toyota,Rav17
2014,31.999,29.247,Honda,Accord
2013,19.48,59.845,Subaru,Outback
2014,12.29,65.321,VW,Jetta
2015,10.999,46.641,VW,Jetta
2014,12.995,27.641,VW,Jetta
2015,17.995,49.243,Nissan,Rogue
2016,33.888,65.652,Honda,Accord
2013,17.888,80.396,BMW,328
2007,10.995,91.793,Jeep,Cherokee
2014,26.695,55.807,Mercedes,Eclass
2000,6.999,177,Honda,Accord
2012,16.995,30.389,Ford,Escape
2016,21.095,38.9,Toyota,Rav49
2015,10.99,34.858,Kia,Soul
2006,4.999,146.65,Jeep,Cherokee
2014,18.461,43.602,Toyota,Rav40
2013,14,63.104,Ford,Escape
2017,67.395,4.246,BMW,X51
2017,36.042,2.084,Ford,Escape
2015,24.459,21.29,Nissan,Altima
2014,17.5,25,Toyota,Rav45
2016,31.848,42.134,Honda,Accord
2015,35.877,35.786,Mercedes,Eclass
2011,12.9,61.698,Chevrolet ,Equinox
2011,30.998,40.931,Honda,Accord
2006,5.449,89.82,Ford,Escape
2015,12.688,49.849,NIssan,Frontier
2013,11.849,67.126,Subaru,Outback
2015,10.749,48.087,VW,Jetta
2016,13.9,31.851,Kia,Soul
2014,14.995,21.257,VW,Jetta
2015,17.988,35.281,Toyota,Rav6
2014,21.656,56.002,BMW,328
2013,17.9,74.02,Toyota,Rav34
2015,17.488,53.071,Toyota,Rav9
2003,5.942,134.05,Mercedes,Eclass
2013,18.99,38.927,BMW,367
2016,12.585,42.102,VW,Jetta
2016,22.999,23.865,Chevrolet ,Equinox
2013,16.998,37.972,Nissan,Rogue
2013,17.6,40,Mercedes,Cclass
2015,28.495,27.602,Chevrolet ,Equinox
2016,16.998,14.568,NIssan,Frontier
2015,37.998,36.408,BMW,X37
2014,12.788,40.135,Kia,Soul
2009,17.197,78.621,NIssan,Frontier
2014,16.566,63.259,Ford,Escape
2012,12,106.496,Subaru,Outback
2011,12.995,84.31,Nissan,Rogue
2014,27.5,23.996,NIssan,Frontier
2016,12.875,37.25,Kia,Soul
2014,15.775,64.081,Ford,Escape
2015,22.924,30.154,NIssan,Frontier
2015,41.849,39.806,BMW,X39
2009,13.495,88.772,BMW,X19
2014,9.995,59.963,Kia,Soul
2015,24.459,21.29,NIssan,Frontier
2015,29.495,47.107,Honda,Accord
2015,32.888,30.479,Jeep,Cherokee
2014,17.995,44.562,Ford,Escape
2016,30.976,24.444,Subaru,Outback
2016,48.983,32.825,GMC,Yukon
2014,25.931,33.752,BMW,374
2014,56.695,49.077,Mercedes,Cclass
2014,18.497,22.611,Nissan,Rogue
2014,30.587,29.331,Honda,Accord
2015,19.888,38.423,Ford,Escape
2015,29.998,25.942,Jeep,Cherokee
2015,36.788,37.497,Mercedes,Eclass
2014,26.75,43.605,Jeep,Cherokee
2010,10.995,116.109,Chevrolet ,Equinox
2016,37,16.856,Honda,Accord
2009,13.99,150.782,NIssan,Frontier
2014,21.998,27.22,Nissan,Altima
2014,18.3,35.279,Ford,Escape
2011,24.888,37.172,Chevrolet ,Silverado
2015,49,28,GMC,Yukon
2010,7.988,110.589,Jeep,Cherokee
2008,9.995,58.568,Nissan,Rogue
2014,11.29,31.895,Kia,Soul
2016,24.995,16.983,Ford,Escape
2014,7.995,41.721,VW,Jetta
2006,11.99,118.712,NIssan,Frontier
2013,13.5,81.616,Ford,Escape
2006,11.988,165.348,Honda,Accord
2015,46.35,16.588,BMW,X25
2014,17.995,51.956,Ford,Escape
2016,12.699,38.557,Kia,Soul
2014,22.988,36.824,BMW,328
2003,5.495,237.931,Honda,Accord
2017,26.979,8.812,Ford,Escape
2012,14.495,90.002,Subaru,Outback
2016,28.998,42.385,Honda,Accord
2009,14.785,89.134,BMW,X30
2012,20.999,33.247,Subaru,Outback
2011,12.999,145.622,Nissan,Altima
2017,51.499,6.649,BMW,X18
2014,13.497,42.687,Nissan,Altima
2014,27.77,17.262,BMW,351
2012,10.999,88.356,Ford,Escape
2015,35.998,6.721,Jeep,Cherokee
2015,32.988,26.075,Mercedes,Cclass
2014,32.998,41.026,GMC,Yukon
2015,14.141,5.823,Kia,Soul
2014,26.999,52.047,Jeep,Cherokee
2016,35.989,8.415,Honda,Accord
2015,43.85,10.418,Mercedes,Eclass
2015,31.5,21.695,Chevrolet ,Silverado
2013,15.995,44.47,Ford,Escape
2014,24.99,38.132,BMW,352
2013,16.25,46.723,Subaru,Outback
2014,10.994,67.01,Kia,Soul
2017,33.995,14.666,Honda,Accord
2016,55.99,21.291,GMC,Yukon
2013,9.969,77.861,VW,Jetta
2016,24.995,12.94,Nissan,Rogue
2006,9.989,127.242,Nissan,Altima
2014,28.5,40.502,BMW,329
2013,16.982,62.511,BMW,328
2011,12.999,145.622,NIssan,Frontier
2011,12.995,85.101,Subaru,Outback
2013,13.499,77.729,Nissan,Rogue
2015,23.638,19.953,Subaru,Outback
2015,23.834,34.436,Subaru,Outback
2007,7.999,145.235,Mercedes,Eclass
2012,29.588,36.581,Chevrolet ,Silverado
2015,18.382,28.77,Ford,Escape
2015,17.2,17.4,Nissan,Altima
2014,21.975,33.411,Mercedes,Cclass
2012,17.95,35.872,NIssan,Frontier
2004,9.999,136,Honda,Accord
2015,17.977,15.138,Kia,Soul
2014,25.98,27.419,BMW,336
2014,18.275,51.875,Subaru,Outback
2005,6.995,100.182,Subaru,Outback
2007,12.944,72.013,Jeep,Cherokee
2015,26.997,46.091,Jeep,Cherokee
2011,10.988,90.749,Ford,Escape
2015,31.989,29.818,Jeep,Cherokee
2015,53.125,40.085,GMC,Yukon
2015,30.981,22.968,Mercedes,Cclass
2016,14.888,23.113,VW,Jetta
2009,11.998,108,Toyota,Rav23
2015,23.4,41.699,Subaru,Outback
2014,26.88,34.549,BMW,340
2015,9.995,53.489,VW,Jetta
2007,9.75,111.24,BMW,328
2014,15.495,9.826,VW,Jetta
2013,12.995,98.722,Nissan,Rogue
2010,12.888,72.787,Chevrolet ,Equinox
2014,22.598,34.903,Nissan,Altima
2016,19.195,20.231,Ford,Escape
2015,34.588,46.909,BMW,X43
2015,27.877,13.761,BMW,328
2014,34.425,17.355,Chevrolet ,Silverado
2016,21,17.376,Nissan,Rogue
2014,29.888,30.717,BMW,328
2015,29.995,27.681,Nissan,Altima
2015,15.732,42.171,Chevrolet ,Equinox
2015,21.98,21.845,Subaru,Outback
2013,15.945,61.355,Subaru,Outback
2012,24.995,62.411,BMW,X21
2014,24.707,27.914,BMW,328
2005,5.995,207.113,Subaru,Outback
2013,15.874,12.865,Chevrolet ,Equinox
2013,20.995,29.519,BMW,328
2011,20.876,88.837,GMC,Yukon
2015,24.338,35.686,Subaru,Outback
2009,8.682,126.699,Subaru,Outback
2014,44.99,15.716,Chevrolet ,Silverado
2016,34.988,10.416,Honda,Accord
2014,12,37.35,Kia,Soul
2013,9.49,41.999,VW,Jetta
2011,22.995,45.919,Mercedes,Eclass
2008,8.295,123.636,BMW,365
2014,21.995,62.001,Subaru,Outback
2015,47.986,65.97,GMC,Yukon
2015,22.981,42.704,BMW,328
2014,23.5,34.999,BMW,332
2017,54.9,10.796,BMW,X14
2015,19.998,30.122,Nissan,Rogue
2016,63.987,2.664,GMC,Yukon
2010,13.998,81.578,BMW,328
2011,7.997,115.59,Subaru,Outback
2014,28.98,23.359,BMW,355
2015,13,39.524,Kia,Soul
2015,20.488,24.472,Toyota,Rav20
2015,21.985,35.977,Subaru,Outback
2013,14.99,51.875,Chevrolet ,Equinox
2013,17.495,55.135,Toyota,Rav21
2006,5.995,153,Toyota,Rav5
2017,52.388,4.241,BMW,X26
2009,8.495,101.573,Nissan,Rogue
2014,18.888,38.87,Ford,Escape
2016,29.999,38.746,Honda,Accord
2013,18.099,61.951,BMW,354
2014,26.991,11.936,BMW,328
2016,53.9,32.404,GMC,Yukon
2013,19.999,41.583,BMW,357
2010,11.995,86.722,Jeep,Cherokee
2011,28.75,71.387,GMC,Yukon
2013,17,74.86,BMW,343
2017,27.999,2.857,Subaru,Outback
2011,10,111.413,Nissan,Rogue
2014,24.995,18.733,Chevrolet ,Equinox
2016,25.99,20.28,Subaru,Outback
2016,33.977,0.04,BMW,328
2013,15.9,42.088,Ford,Escape
2011,11.395,68.72,Nissan,Rogue
2013,20.433,36.109,Toyota,Rav36
2014,23.988,39.308,BMW,328
2011,13.481,70.776,Mercedes,Cclass
2014,41.982,19.62,BMW,X9
2015,17.998,30.969,Ford,Escape
2014,29.898,25.2,BMW,328
2016,21.995,33.918,Ford,Escape
2016,19.847,31.035,Chevrolet ,Equinox
2014,16.3,77.384,VW,Jetta
2011,25.434,43.921,Chevrolet ,Silverado
2014,19.8,32.685,Chevrolet ,Silverado
2014,22.888,5.134,Subaru,Outback
2015,21.75,32.59,Toyota,Rav15
2016,16.998,14.568,Nissan,Altima
2014,17.995,34.5,Ford,Escape
2014,16.998,30.117,Nissan,Rogue
2015,25.982,21.441,BMW,328
2014,9.798,78,Kia,Soul
2015,16.968,19.956,Chevrolet ,Equinox
2009,17.688,63.82,Honda,Accord
2007,10.888,120.72,BMW,X33
2011,15.497,75.344,BMW,353
2009,5.2,117,VW,Jetta
2014,19.99,41.078,Nissan,Altima
2014,12.645,33.49,VW,Jetta
2011,11.999,90.925,Ford,Escape
2015,26.988,33.487,Mercedes,Cclass
2015,18.9,54.727,NIssan,Frontier
2015,16.995,58,Chevrolet ,Equinox
2014,14.49,25.967,Nissan,Altima
2015,30.995,16.503,Mercedes,Cclass
2014,20.9,35.927,Ford,Escape
2015,51.9,44.051,GMC,Yukon
2017,32.998,22.52,Mercedes,Cclass
2014,28.9,23.872,BMW,328
2014,21.775,63.486,Subaru,Outback
2012,9.888,48.505,Kia,Soul
2011,15.988,86.883,Jeep,Cherokee
2015,43.499,14,Mercedes,Eclass
2006,11.995,115.938,GMC,Yukon
2014,18.995,42.046,Ford,Escape
2010,10.499,78.15,Chevrolet ,Equinox
2017,57.992,3.8,Mercedes,Eclass
2015,33.88,21.449,BMW,341
2014,22.996,26.835,Toyota,Rav32
2010,11.498,88.415,Subaru,Outback
2015,23.763,25.684,NIssan,Frontier
2013,15.948,65.731,Toyota,Rav7
2017,49.989,5.356,BMW,X27
2016,19.995,16.191,Kia,Soul
2014,20.58,35.52,Subaru,Outback
2014,14.995,27.275,VW,Jetta
2007,13.745,115.196,GMC,Yukon
2017,34.9,12.533,Mercedes,Cclass
2017,20.388,24.133,Ford,Escape
2008,9.988,199.1,GMC,Yukon
2009,11.995,75.1,BMW,372
2016,21.65,48.045,NIssan,Frontier
2005,12.777,118.728,Honda,Accord
2014,30.98,8.054,Mercedes,Cclass
2017,59.27,6.568,BMW,X40
2017,37.295,23.374,Jeep,Cherokee
2010,11.995,81.699,Mercedes,Eclass
2014,11.844,9.262,Kia,Soul
2015,17.497,90.153,Subaru,Outback
2015,15.25,34.963,Chevrolet ,Equinox
2010,19.95,113.656,GMC,Yukon
2011,11.999,90.925,Ford,Escape
2014,34.895,47.904,Honda,Accord
2010,9.438,133.67,Subaru,Outback
2015,23.495,36.985,Chevrolet ,Equinox
2011,25.775,55.313,Chevrolet ,Silverado
2015,21.897,45.412,Nissan,Rogue
2016,19.995,20.348,Ford,Escape
2015,36.23,38.223,BMW,X36
2011,8.535,130.678,Nissan,Rogue
2013,5.9,90.757,Kia,Soul
2010,13.995,111.579,BMW,X22
2014,15.7,38.925,Nissan,Altima
2012,11.995,111.237,Subaru,Outback
2013,18.975,82.589,Jeep,Cherokee
2015,38.496,18.533,Mercedes,Eclass
2008,13.491,114.078,Honda,Accord
2014,28.685,47.667,Chevrolet ,Silverado
2008,4.991,161.871,Nissan,Rogue
2011,21.379,66.928,Chevrolet ,Silverado
2014,25.998,40.4,Jeep,Cherokee
2015,18.983,95.148,Subaru,Outback
2016,24.394,25.696,BMW,328
2015,29.995,41.773,Mercedes,Eclass
2014,45.988,23.209,BMW,X52
2007,7.495,83,Chevrolet ,Equinox
2006,9.9,139,Chevrolet ,Silverado
2015,24.891,39.074,Subaru,Outback
2014,24.987,20.847,NIssan,Frontier
2012,17.85,37.35,BMW,328
2015,12.609,43.177,Kia,Soul
2009,12,85.091,BMW,362
2011,12.583,80.491,Chevrolet ,Equinox
2011,15.388,112.43,NIssan,Frontier
2014,30.497,36.238,Jeep,Cherokee
2017,24.888,8.793,Ford,Escape
2005,8.99,109.98,Jeep,Cherokee
2008,10.674,95.234,Mercedes,Cclass
2015,10.995,30.125,VW,Jetta
2013,12.975,66.679,Nissan,Rogue
2013,18.991,83.509,Nissan,Altima
2007,11.995,108.987,Honda,Accord
2014,28.9,34.483,Jeep,Cherokee
2015,30.96,18.408,Chevrolet ,Silverado
2012,7.99,69.013,Kia,Soul
2013,17.9,58.273,Chevrolet ,Equinox
2014,25.995,46.389,Mercedes,Eclass
2011,17.585,85.012,Subaru,Outback
2014,14.499,38.634,VW,Jetta
2014,17.823,57.105,Subaru,Outback
2015,24.495,22.288,Subaru,Outback
2011,8.9,67.94,VW,Jetta
2008,18.999,114.133,GMC,Yukon
2016,29.877,15.253,Nissan,Altima
2005,9.45,151.714,Honda,Accord
2007,9.995,144.422,Nissan,Altima
2014,17.425,37.712,Ford,Escape
2015,21,61.963,Toyota,Rav25
2014,28.5,22.906,BMW,328
2009,6.99,131.274,Mercedes,Eclass
2013,15.977,52.158,Chevrolet ,Equinox
2015,22.924,30.154,Nissan,Altima
2007,8.657,96.952,BMW,328
2014,22.975,22.479,Mercedes,Cclass
2014,27.485,33.976,Mercedes,Eclass
2014,20.978,41.745,Nissan,Rogue
2015,29.981,29.166,Mercedes,Cclass
2014,30.8,36.248,Chevrolet ,Silverado
2012,13.995,70.503,Nissan,Rogue
2004,6.998,205.194,Honda,Accord
2015,38.475,30.16,BMW,X6
2016,33.486,15.851,Honda,Accord
2011,14.999,75.336,Chevrolet ,Equinox
2016,19.26,18.418,Nissan,Rogue
2014,26.995,62.911,Chevrolet ,Silverado
2014,35.988,32.368,Honda,Accord
2013,14.695,124.644,Jeep,Cherokee
2015,18.307,25.625,Nissan,Rogue
2015,21.798,36.663,Subaru,Outback
2015,12.343,42.604,Kia,Soul
2003,3.495,137.712,VW,Jetta
2014,14.49,25.967,NIssan,Frontier
2013,14.577,98.251,Toyota,Rav13
2016,13.599,14.791,Kia,Soul
2015,17.5,38.453,Chevrolet ,Equinox
2015,20.988,39.722,Nissan,Rogue
2014,26.981,37.519,Mercedes,Cclass
2014,13.488,19.531,Kia,Soul
2011,25.987,61.395,GMC,Yukon
2015,22.998,12.515,Nissan,Rogue
2013,25.299,23.809,Chevrolet ,Silverado
2017,43.995,12.504,Honda,Accord
2005,10.995,183.015,Honda,Accord
2015,26.981,35.49,Mercedes,Cclass
2017,28.999,2.848,Subaru,Outback
2015,26.998,60.25,Jeep,Cherokee
2014,19.9,61.303,BMW,344
2015,12.688,49.849,Nissan,Altima
2014,17.9,25.161,Ford,Escape
2016,18.888,39.949,Ford,Escape
2016,21.9,37.19,Toyota,Rav18
2015,31.495,55.128,Mercedes,Eclass
2008,9.995,119.744,Mercedes,Eclass
2011,19.885,98.5,Chevrolet ,Silverado
2015,29.995,29.387,Honda,Accord
2015,20.865,26.014,Toyota,Rav16
2014,15.944,51.285,Ford,Escape
2015,18.382,28.77,Ford,Escape
2014,12.999,27.264,VW,Jetta
2014,27.938,42.492,Jeep,Cherokee
2014,20.282,28.775,Toyota,Rav43
2009,19.995,64,Chevrolet ,Silverado
2015,29.195,50.026,Mercedes,Eclass
2014,20.495,7.004,Ford,Escape
2008,7.675,138.277,Subaru,Outback
2008,16.999,129.206,GMC,Yukon
2015,19.995,19.715,Chevrolet ,Equinox
2015,49.995,14.273,GMC,Yukon
2015,53.795,31.375,GMC,Yukon
2017,56.695,5.472,Mercedes,Eclass
2007,8.495,118.034,Mercedes,Cclass
2015,18.9,54.727,Nissan,Altima
2013,18.742,85.71,Mercedes,Eclass
2016,53.901,11.001,GMC,Yukon
2009,10.5,125.2,BMW,X45
2015,18.382,28.77,Ford,Escape
2015,14.995,10.011,Kia,Soul
2013,15.997,70.492,Mercedes,Cclass
2015,22.606,35.73,Toyota,Rav42
2014,10.988,73.943,Kia,Soul
2015,22.99,34.68,Subaru,Outback
2010,7.985,98.382,Kia,Soul
2012,15.984,60.012,Subaru,Outback
2013,12.495,44.069,VW,Jetta
2012,17.436,56.677,Toyota,Rav11
2010,11.999,81.965,Nissan,Altima
2012,19.7,51.35,NIssan,Frontier
2004,2.695,185,Jeep,Cherokee
2011,14.988,72.747,BMW,366
2017,24.988,14.101,Ford,Escape
2008,15.352,144.248,GMC,Yukon
2009,11.888,139.088,BMW,328
2015,15.888,29.492,Chevrolet ,Equinox
2014,13.815,43.242,Kia,Soul
2015,42.753,10.826,Mercedes,Eclass
2014,29.995,16.92,Honda,Accord
2007,11.95,120.36,GMC,Yukon
2007,10.995,106.8,Subaru,Outback
2014,25.97,31.065,Mercedes,Cclass
2014,15.573,51.239,Chevrolet ,Equinox
2015,45.998,46.829,GMC,Yukon
2011,15.99,63.85,Nissan,Altima
2014,10.183,28.499,VW,Jetta
2017,28.992,1.992,Ford,Escape
2014,27.699,31.397,BMW,369
2010,6.25,99.955,Kia,Soul
2015,19.89,56.388,Subaru,Outback
2015,24.499,32.983,Subaru,Outback
2014,18.599,24.312,Toyota,Rav52
2014,21.9,24.166,Chevrolet ,Silverado
2014,16.566,63.259,Ford,Escape
2008,9.998,114.277,BMW,328
2010,8.852,87.23,Ford,Escape
2015,18.929,24.572,Toyota,Rav47
2014,21.45,50.07,BMW,328
2012,25.448,48.765,Honda,Accord
2009,10.995,70.489,BMW,334
2015,30.338,30.603,Jeep,Cherokee
2014,24.987,20.847,Nissan,Altima
2015,19.888,41.795,Chevrolet ,Equinox
2014,26.21,31.118,BMW,370
2014,23.599,18.407,BMW,328
2011,14.199,70.515,Jeep,Cherokee
2017,20.388,24.133,Ford,Escape
2015,21.764,16.112,NIssan,Frontier
2016,25,52.131,Subaru,Outback
2014,12.395,43.409,VW,Jetta
2013,14.993,35.069,Nissan,Rogue
2016,28.799,31.462,Mercedes,Cclass
2014,41.998,39.542,Mercedes,Eclass
2012,25.585,35.515,Chevrolet ,Silverado
2014,20.873,39.12,Toyota,Rav50
2015,21.488,19.969,Toyota,Rav8
2015,14.559,37.638,Chevrolet ,Equinox
2011,6.995,72.545,Kia,Soul
2011,14,97.114,BMW,349
2014,8.975,79.9,VW,Jetta
2014,31.998,28.835,Honda,Accord
2016,52.9,14.529,GMC,Yukon
2015,41.888,30.504,BMW,X50
2012,13.559,75.005,Subaru,Outback
2014,36.964,29.09,Honda,Accord
2016,29.98,43.384,Honda,Accord
2014,18.995,47.827,Ford,Escape
2015,27.981,17.797,BMW,328
2015,57.998,17.088,GMC,Yukon
2014,35.998,35.805,Mercedes,Eclass
2015,24.95,52.949,NIssan,Frontier
2000,2.995,170.842,Subaru,Outback
2014,17.987,26.039,Toyota,Rav22
2016,20.995,28.165,Ford,Escape
2014,19.995,78.266,Ford,Escape
2009,9.988,90.412,Nissan,Rogue
2011,14.995,92.235,BMW,335
2016,31.23,32.709,Honda,Accord
2007,9.995,144.422,NIssan,Frontier
2016,12.982,34.415,VW,Jetta
2017,23.888,14.751,Ford,Escape
2011,12.988,28.752,Kia,Soul
2007,5.699,141.228,BMW,328
2012,14.3,60.843,Toyota,Rav10
2015,48.988,38.002,Honda,Accord
2013,17.995,81.925,Subaru,Outback
2011,17.959,54.527,Chevrolet ,Silverado
2015,16.795,40.26,Ford,Escape
2016,41.969,15.649,Honda,Accord
2015,23.984,56.442,Subaru,Outback
2014,11.982,52.298,VW,Jetta
2014,45.697,36.015,BMW,X20
2013,23.225,54.552,Jeep,Cherokee
2014,48.961,17.322,Mercedes,Eclass
2016,27.95,8.575,BMW,328
2014,16.9,64.563,Toyota,Rav29
2016,19.688,11.551,Nissan,Rogue
2016,29.675,30.128,Honda,Accord
2016,29.5,8.833,BMW,328
2016,26.969,29.35,Subaru,Outback
2005,14.995,84,GMC,Yukon
2015,23.998,26.019,Chevrolet ,Equinox
2012,24.988,33.801,Mercedes,Eclass
2011,15.99,63.85,NIssan,Frontier
2014,16.47,52.427,Toyota,Rav38
2014,17.995,51.272,Subaru,Outback
2015,21.9,45.74,Subaru,Outback
2015,25.231,32.418,Subaru,Outback
2013,13.775,68.072,Subaru,Outback
2015,21.399,39.851,Subaru,Outback
2014,37.981,13.827,Mercedes,Eclass
2015,32.995,23.32,Mercedes,Eclass
2012,18.49,55.206,Jeep,Cherokee
2015,32.482,25.221,Mercedes,Cclass
2014,33,51.903,Chevrolet ,Silverado
2015,20.9,45.802,BMW,328
2015,23.9,39.207,Ford,Escape
2013,31.368,52.126,Honda,Accord
2014,25.995,20.285,Mercedes,Cclass
2015,25.595,28.029,Subaru,Outback
2016,22,17.706,Nissan,Altima
2014,19.974,74.946,Subaru,Outback
2011,14.96,64.434,BMW,368
2006,9.989,127.242,NIssan,Frontier
2007,16.995,104.541,GMC,Yukon
2013,15.995,85.565,BMW,333
2014,23.477,43.301,BMW,328
2014,13.687,32.384,VW,Jetta
2010,13.997,114.654,Mercedes,Eclass
2015,13.495,22.464,VW,Jetta
2017,52.999,12.373,BMW,X54
2012,14.325,62.167,Ford,Escape
2016,22.466,36.697,NIssan,Frontier
2015,34.75,3.434,Mercedes,Cclass
2015,24.95,52.949,Nissan,Altima
2014,30.891,82.88,Jeep,Cherokee
2015,21.764,16.112,Nissan,Altima
2013,13.988,73.34,Chevrolet ,Equinox
2015,49.998,31.111,GMC,Yukon
2007,10.45,151.211,GMC,Yukon
2015,24.995,30.898,Chevrolet ,Equinox
2015,25.997,30.915,BMW,328
2015,18.995,19.609,Ford,Escape
2016,27.995,18.306,NIssan,Frontier
2012,22.9,62.366,Chevrolet ,Silverado
2007,10.498,165.045,Honda,Accord
2014,43.99,64.195,BMW,X38
2011,13.995,56,BMW,348
2017,51.295,3.643,BMW,X41
2015,31.99,27.124,Jeep,Cherokee
2015,16.9,15.341,Kia,Soul
2011,9.499,33.414,Subaru,Outback
2014,18.3,35.279,Ford,Escape
2014,32,44.306,Mercedes,Eclass
2014,14.998,44.136,VW,Jetta
2010,12,70.866,Toyota,Rav44
2013,7.788,86.432,Kia,Soul
2013,20.998,26.307,Chevrolet ,Equinox
2014,24.885,50.646,Chevrolet ,Silverado
2015,15.48,39.028,NIssan,Frontier
2010,17.995,72.825,Mercedes,Eclass
2006,9.987,112.994,Nissan,Altima
2007,8.499,204.534,Honda,Accord
2015,20.995,58.781,Subaru,Outback
2016,28.922,22.679,Subaru,Outback
2013,15.9,42.088,Ford,Escape
2014,18.11,52.532,Subaru,Outback
2015,30.988,36.991,Honda,Accord
2014,17.695,77.743,Toyota,Rav27
2011,8.75,183.871,Chevrolet ,Equinox
2014,32.5,41.588,Jeep,Cherokee
2015,18.975,18.006,Nissan,Rogue
2015,29.995,27.681,NIssan,Frontier
2005,3.995,160.57,Mercedes,Eclass
2005,10.995,120,GMC,Yukon
2017,34.981,2.86,Mercedes,Cclass
2014,23.991,39.429,Mercedes,Cclass
2014,20.385,62.177,NIssan,Frontier
2011,9.19,41.762,Kia,Soul
2014,17.9,25.161,Ford,Escape
2016,29.888,47.146,Honda,Accord
2015,34.187,31.482,Honda,Accord
2015,14.432,37.549,VW,Jetta
2013,19.888,55.107,Ford,Escape
2014,15.975,39.734,Subaru,Outback
2005,13.895,161.09,Chevrolet ,Silverado
2015,23.763,25.684,Nissan,Altima
2014,25.998,43.925,BMW,328
2016,25.9,14.793,Ford,Escape
2016,19.995,28.795,Ford,Escape
2013,21.99,45.168,Mercedes,Cclass
2011,25.434,43.921,Chevrolet ,Silverado
2011,9.999,94.299,Ford,Escape
2010,10.388,107.856,Subaru,Outback
2014,23.777,24.178,BMW,328
2009,13.995,100.573,BMW,X29
2008,8.999,100,BMW,328
2015,20.976,35.868,Subaru,Outback
2014,23.983,31.269,BMW,328
2015,34.5,17.99,Mercedes,Cclass
2015,19.987,8.333,Toyota,Rav46
2014,20.843,43.901,Nissan,Altima
2012,17.999,62.991,Jeep,Cherokee
2015,21.895,41.799,Subaru,Outback
2013,12.8,73,Ford,Escape
2014,24.401,37.953,Mercedes,Cclass
2017,35.981,7.611,Mercedes,Cclass
2016,29.284,30.544,Subaru,Outback
2015,13.331,42.662,Kia,Soul
2014,20.385,62.177,Nissan,Altima
2014,42.885,31.049,BMW,X34
2015,30.76,41.643,Chevrolet ,Silverado
2015,23.999,47.441,Subaru,Outback
2016,22.466,36.697,NIssan,Frontier
2014,24.988,37.721,Jeep,Cherokee
2015,14.989,55.572,Chevrolet ,Equinox
2011,10.988,90.749,Ford,Escape
2014,43.9,39.9,GMC,Yukon
2015,18.9,36.165,Ford,Escape
2015,19.611,16.097,Toyota,Rav39
2015,24.888,28.907,Nissan,Altima
2014,25.778,31.401,BMW,328
2012,13.449,60.241,Ford,Escape
2014,22.98,36.755,BMW,375
2010,13.985,78.546,Toyota,Rav24
2013,15.995,70.476,Ford,Escape
2012,8.995,36.355,Kia,Soul
2008,12.995,112.395,GMC,Yukon
2016,21.97,27.916,Ford,Escape
2014,18.969,33.306,Chevrolet ,Equinox
2013,15.976,49.351,Chevrolet ,Equinox
2010,15.881,27.682,Mercedes,Cclass
2014,18.5,38.83,Subaru,Outback
2016,58.976,25.929,GMC,Yukon
2015,29.9,17.646,Jeep,Cherokee
2014,15.7,38.925,NIssan,Frontier
2015,41.995,23.466,Mercedes,Eclass
2015,21.999,27.366,Subaru,Outback
2008,9.777,102.865,BMW,328
2007,6.495,184.923,Toyota,Rav48
2012,21.7,73.407,Mercedes,Eclass
2016,20.899,49.724,Subaru,Outback
2014,16.995,36.327,Subaru,Outback
2014,12.99,32.663,Kia,Soul
2014,39.851,13.003,Mercedes,Eclass
2016,39.995,21.432,Mercedes,Eclass
2011,14.298,70.982,BMW,360
2014,25.88,43.669,BMW,345
2014,28.96,46.049,Chevrolet ,Silverado
2010,12.444,81.322,Subaru,Outback
2016,30.999,33.249,Honda,Accord
2015,10.888,31.311,Kia,Soul
2017,32.992,2.618,Ford,Escape
2015,30.983,26.84,Jeep,Cherokee
2014,27.295,33.112,Mercedes,Eclass
2011,8.888,61.38,VW,Jetta
2010,21.99,50.399,Chevrolet ,Silverado
2015,27.998,17.427,Mercedes,Cclass
2015,35.477,87.202,GMC,Yukon
2012,17.995,87.339,Chevrolet ,Silverado
2013,18.991,83.509,NIssan,Frontier
2016,18.999,21.885,Ford,Escape
2008,8.995,66.199,Ford,Escape
2015,26.5,12.222,Subaru,Outback
2016,22.466,36.697,Nissan,Altima
2014,31.925,51.529,Chevrolet ,Silverado
2008,12.049,93.8,BMW,X5
2013,31.9,27.786,Chevrolet ,Silverado
2016,22.998,23.411,Nissan,Rogue
2008,20.9,99,GMC,Yukon
2016,19.995,29.374,Ford,Escape
2009,17.197,78.621,Nissan,Altima
2013,28.9,37.415,Chevrolet ,Silverado
2007,11.98,151.914,Honda,Accord
2014,12.995,13.899,Kia,Soul
2014,39.941,42.308,GMC,Yukon
2011,33.9,59,GMC,Yukon
2014,20.675,43.127,Nissan,Altima
2015,36.6,24.779,BMW,342
2015,19.498,36.92,Chevrolet ,Equinox
2016,58.987,23.559,GMC,Yukon
2015,20.997,29.69,Subaru,Outback
2008,6.99,102.313,Subaru,Outback
2010,18.999,54.992,BMW,X12
2011,16.877,45.569,BMW,331
2014,20.995,81.8,Jeep,Cherokee
2015,29.85,25.617,Mercedes,Cclass
2016,22.818,25.136,Nissan,Rogue
2016,22,17.706,NIssan,Frontier
2013,19.769,36.707,BMW,347
2015,29.777,32.171,Mercedes,Cclass
2012,19.7,51.35,Nissan,Altima
2014,28.9,34.245,Chevrolet ,Silverado
2014,34.995,73.041,BMW,X17
2015,15.48,39.028,Nissan,Altima
2014,12.998,91.272,Ford,Escape
2005,5.988,130.461,BMW,X11
2014,34.995,35.875,Mercedes,Eclass
2017,76.795,11.008,BMW,X7
2015,28.977,15.165,Jeep,Cherokee
2013,10.995,35.563,VW,Jetta
2009,12,82.419,Mercedes,Cclass
2014,25,39.714,BMW,328
2011,13.975,74.474,BMW,339
2013,13.3,67.159,Ford,Escape
2015,31.981,22.551,Mercedes,Cclass
2014,12.391,37.963,Kia,Soul
2014,21.998,27.22,NIssan,Frontier
2014,22.876,22.969,BMW,328
2013,28.96,48.259,Chevrolet ,Silverado
2014,20.995,14.714,Ford,Escape
2016,57.4,14.159,GMC,Yukon
2014,17.988,57.249,Toyota,Rav28
2011,17.995,29.947,BMW,328
2007,12.95,165,GMC,Yukon
2012,11.5,96.932,Chevrolet ,Equinox
2017,56.484,9.329,Mercedes,Eclass
2015,12.988,32.199,Kia,Soul
2016,45.865,2.927,GMC,Yukon
2012,18.485,107.878,BMW,X35
2015,18.439,75.503,Subaru,Outback
2010,11.999,81.965,NIssan,Frontier
2016,32.999,15.844,Mercedes,Cclass
2013,16.987,53.006,Chevrolet ,Equinox
2014,27.085,51.2,Chevrolet ,Silverado
2012,17.95,35.872,Nissan,Altima
2008,8,83.029,Ford,Escape
2011,13.98,94.744,BMW,358
2014,13.49,38.689,Kia,Soul
2015,28.961,39.442,Mercedes,Cclass
2016,38.988,11.109,Mercedes,Cclass
2015,18.139,11.235,Nissan,Rogue
2015,17.388,45.733,Ford,Escape
2015,27.294,4.61,Jeep,Cherokee
2014,29.585,31.065,Chevrolet ,Silverado
2016,23.539,11.886,VW,Jetta
2013,21.995,28.7,Mercedes,Eclass
2016,26.5,23.899,Subaru,Outback
2016,18.888,53.472,Ford,Escape
2016,19.99,39.304,Chevrolet ,Equinox
2015,25,24.46,Subaru,Outback
2013,9.999,98.895,Nissan,Rogue
2014,18.494,72.648,Nissan,Rogue
2013,25.902,46.192,Jeep,Cherokee
2017,50.199,4.693,BMW,X10
2008,7.995,110.68,Ford,Escape
2013,15.986,39.389,Chevrolet ,Equinox
2015,16.995,22,Toyota,Rav12
2009,7.495,137.365,Ford,Escape
2009,14.499,62.321,Mercedes,Eclass
2015,16.746,35.908,Nissan,Altima
2016,18.5,40.034,NIssan,Frontier
2014,19.999,47.579,Subaru,Outback
2015,30.96,44.098,Chevrolet ,Silverado
2014,24.236,54.697,BMW,356
2015,44.988,43.915,GMC,Yukon
2015,18.999,62.567,Nissan,Altima
2008,10.995,95.959,Toyota,Rav4
2014,32.96,41.223,Chevrolet ,Silverado
2014,27,51.059,BMW,363
2005,6.998,129.754,Mercedes,Eclass
2015,35.5,30,Jeep,Cherokee
2013,22.488,28.338,NIssan,Frontier
2015,21.5,22.526,Toyota,Rav19
2015,31.588,17.254,Mercedes,Cclass
2012,18.49,78.385,BMW,X15
2015,19.995,17.059,Nissan,Rogue
2013,22.488,28.338,Nissan,Altima
2015,24.888,28.907,NIssan,Frontier
2017,35.05,1.983,Ford,Escape
2015,21.999,27.84,Subaru,Outback
2014,20.675,43.127,NIssan,Frontier
2015,41.888,21.66,BMW,X32
2014,21.988,36.41,Nissan,Rogue
2015,19.688,20.292,Chevrolet ,Equinox
2015,16.988,26.307,Ford,Escape
2003,6.7,137.7,BMW,X53
2005,11.99,125.244,NIssan,Frontier
2014,17.995,29.711,Chevrolet ,Equinox
2015,25.9,53.268,Mercedes,Eclass
2014,13.5,33.565,VW,Jetta
2014,12.5,37.095,VW,Jetta
2014,16.664,51.437,Ford,Escape
2014,25.356,30.232,BMW,376
2016,46.998,7.913,Honda,Accord
2006,8.495,84.227,Mercedes,Eclass
2014,17.95,43.128,Toyota,Rav41
2015,23.945,12.87,Subaru,Outback
2016,24.977,19.865,NIssan,Frontier
2009,12.995,132.628,BMW,X42
2011,9.999,84.577,Subaru,Outback
2011,14.879,68.543,BMW,364
2014,34.093,37.365,BMW,X8
2013,13.475,60.483,Nissan,Rogue
2015,26.987,45.477,Jeep,Cherokee
2004,6.666,135.9,NIssan,Frontier
2011,21.999,108.077,GMC,Yukon
2016,24.7,23.095,Subaru,Outback
2014,18.995,78.622,Toyota,Rav30
2014,22.995,18.381,Ford,Escape
2010,5.995,100.769,Kia,Soul
2006,9.987,112.994,NIssan,Frontier
2014,21.607,42.214,Nissan,Rogue
2012,6.4,84.77,VW,Jetta
2016,24.977,19.865,Nissan,Altima
2014,13,27.964,Kia,Soul
2014,17.995,33.357,Ford,Escape
2009,7.995,119.145,Ford,Escape
2014,18.791,25.258,Toyota,Rav35
2014,14.998,14.184,Kia,Soul
2015,22.934,34.436,Subaru,Outback
2014,17.953,58.099,Mercedes,Cclass
2013,19.998,53.278,Nissan,Altima
2014,14.217,17.121,VW,Jetta
2014,10.5,25.563,Kia,Soul
2015,28.998,20.264,Mercedes,Cclass
2015,20.999,32.448,Nissan,Rogue
2013,17.995,55.514,Subaru,Outback
2017,24.988,17.841,Ford,Escape
2014,19.99,41.078,NIssan,Frontier
2014,21.9,48.909,Toyota,Rav37
2014,10.976,32.893,VW,Jetta
2013,14.2,39.443,Ford,Escape
2016,19.195,20.231,Ford,Escape
2014,12.49,29.371,VW,Jetta
2015,24.313,21.956,Nissan,Rogue
2014,13.497,42.687,NIssan,Frontier
2014,12.8,57.657,VW,Jetta
2014,30.388,32.312,Chevrolet ,Silverado
2013,19.998,53.278,NIssan,Frontier
2014,12.695,35.678,VW,Jetta
2016,17.006,26.918,Nissan,Rogue
2014,22.598,34.903,NIssan,Frontier
2007,9.998,106.93,BMW,328
2014,23.995,34.084,Jeep,Cherokee
2015,23.974,30.79,Toyota,Rav53
2017,32.157,2.198,Ford,Escape
2013,16.999,83.128,Subaru,Outback
2009,11.972,92.773,BMW,346
2014,24.997,40.424,BMW,328
2016,18.5,40.034,Nissan,Altima
2017,49.989,4.873,BMW,X23
2014,17.963,28.843,Toyota,Rav31
2010,20.987,51.556,NIssan,Frontier
2013,16.795,33.091,Ford,Escape
2014,21.943,43.603,Chevrolet ,Equinox
2016,18.999,21.885,Ford,Escape
2014,18.75,59.825,Subaru,Outback
2006,5.592,149.342,Jeep,Cherokee
2015,51.988,39.747,GMC,Yukon
2009,12.5,110.643,Mercedes,Cclass
2015,49,50.499,GMC,Yukon
2014,36.995,20.942,Chevrolet ,Silverado
2014,18.69,37.885,Toyota,Rav51
2007,6.295,136.448,Subaru,Outback
2014,22.751,36.023,BMW,328
2011,13.995,92.426,BMW,337
2007,19.699,98.481,GMC,Yukon
2015,41.512,30.437,BMW,X46
2014,17.995,51.956,Ford,Escape
2014,16.5,43.114,Toyota,Rav33
2016,46.387,11.323,Mercedes,Eclass
2009,11.585,110.123,BMW,X24
2004,6.995,114.494,Jeep,Cherokee
2014,26.995,39.499,Mercedes,Eclass
2015,43.997,46.393,GMC,Yukon
2011,16.88,93.6,BMW,X31
2010,10.988,62.491,Ford,Escape
2015,18.999,62.567,NIssan,Frontier
2012,15.979,68.04,Subaru,Outback
2011,6.695,23.36,Subaru,Outback
2014,25.425,24.384,Chevrolet ,Silverado
2011,10.895,47.461,Chevrolet ,Equinox
2014,12.395,36.072,VW,Jetta
2010,8.498,98.901,Nissan,Rogue
2014,18.692,42.998,Ford,Escape
2009,8.5,104.522,Ford,Escape
2011,9.999,94.299,Ford,Escape
2016,48.996,11.965,BMW,X47
2015,20.704,29.713,Nissan,Rogue
2014,29.675,36.739,Chevrolet ,Silverado
2014,27.9,14.066,BMW,328
2012,33.879,30.525,Honda,Accord
2015,35.983,41.417,Jeep,Cherokee
2010,11.495,94.935,Nissan,Rogue
2014,22.777,31.226,Ford,Escape
2014,49.915,4.46,BMW,X48
2014,27.5,23.996,Nissan,Altima
2009,6.977,186.596,Nissan,Rogue
2016,27.995,18.306,Nissan,Altima
2015,36,47.144,Mercedes,Cclass
2014,17.969,43.956,Chevrolet ,Equinox
2016,24.79,28.185,Jeep,Cherokee
2015,32.588,40.043,Chevrolet ,Silverado
2014,10.069,31.427,VW,Jetta
2014,17.995,48.824,Subaru,Outback
2007,8.495,109.104,Jeep,Cherokee
2011,7.5,109.265,Nissan,Rogue
2016,23.988,24.441,Chevrolet ,Equinox
2012,9.999,75.06,VW,Jetta
2015,16.746,35.908,NIssan,Frontier
2011,14.979,79.668,Subaru,Outback
2011,11.98,111.27,BMW,377
2015,38.866,24.053,Mercedes,Eclass
2016,59.99,14.59,GMC,Yukon
2009,13.99,150.782,Nissan,Altima
2010,10.988,62.491,Ford,Escape
2014,13.5,30.441,VW,Jetta
2015,29.678,47.017,Jeep,Cherokee
2008,20.5,106,Chevrolet ,Silverado
2015,29.288,23.617,BMW,361
2014,16.498,37.118,Chevrolet ,Equinox
1999,4.357,177.205,Honda,Accord
2011,15.99,45.337,Mercedes,Cclass
2015,31.995,32.551,Mercedes,Eclass
2014,0,37.859,Toyota,Rav14
2013,9.991,44.91,Kia,Soul
2013,15.997,77.585,BMW,328
2014,22.984,21.919,BMW,359
2014,23.856,40.782,BMW,330
2004,6.45,177,BMW,X13
2005,6.995,121.273,Jeep,Cherokee
2014,28.9,48.179,BMW,328
2004,6.995,109.305,BMW,X28
2011,16.997,38.354,BMW,338
2013,13.995,97.854,Subaru,Outback
2016,21.65,48.045,Nissan,Altima
2006,9.995,76.158,Toyota,Rav26
2015,22.995,16.482,Nissan,Rogue
2017,27.476,6.795,Subaru,Outback
2014,30.9,31.912,BMW,328
2012,19.988,45.94,BMW,328
2015,12.79,12.524,Kia,Soul
2014,15.599,28.08,Chevrolet ,Equinox
2014,25.988,28.155,BMW,328
2014,17.995,32.512,Chevrolet ,Equinox
2013,23.99,41.344,BMW,350
2014,20.843,43.901,NIssan,Frontier
2015,21.9,32.886,Subaru,Outback
2013,15.995,70.921,Ford,Escape
2015,21.499,50.312,Subaru,Outback
2011,15.388,112.43,Nissan,Altima
2014,22.495,20.734,BMW,373
2011,14.99,87.942,Subaru,Outback
2017,32.883,6.406,Mercedes,Cclass
2015,29.982,37.987,Mercedes,Cclass
2014,23.99,31.053,BMW,328
2015,18.5,27.254,Chevrolet ,Equinox
2011,13.998,85,Mercedes,Cclass
2011,9.39,94.973,Nissan,Rogue
2013,9.5,73.739,VW,Jetta
2017,59.207,4.046,BMW,X49
2010,15.888,108.161,Chevrolet ,Silverado
2016,27,13.545,Subaru,Outback
2012,26.925,56.785,Chevrolet ,Silverado
